uuid,first_name,last_name,phone,email
ab4c9827-0f2b-4671-ba48-3b5e7058ace9,Gaultiero,Betjes,874-796-5942,gbetjes0@nasa.gov
c70e5b3f-7b38-40f7-9bfe-13359e326498,Carolyne,Ioselev,930-470-1384,cioselev1@ehow.com
7c8063fd-a5f5-45d3-afc8-ed5088c0535f,Ludovico,Coomber,978-678-0733,lcoomber2@cloudflare.com
21abb0c3-4cd9-48bf-943d-17f34bbf34f9,Filmore,Archard,452-314-2804,farchard3@answers.com
58c12380-7b79-429b-90dc-12d0edfea565,Hunfredo,Clewley,799-235-9334,hclewley4@si.edu
8d320fb2-ce2d-495d-a3c7-434bacc0f3b3,Rinaldo,Robart,250-965-2208,rrobart5@home.pl
c315ed61-0c37-4b5c-ad0c-df4f3af91740,Denna,Guerrieri,106-318-2107,dguerrieri6@topsy.com
b3b3a68f-e740-4c06-8c13-586384419e08,Chase,Seamon,301-239-0459,cseamon7@ovh.net
b6008248-d13b-4283-b6a3-39ba983c07b8,Chauncey,Restill,276-123-3786,crestill8@mediafire.com
ecdcf1ac-edf0-4a7d-ada0-3d41eb05be53,Orel,Seals,812-704-5112,oseals9@xing.com
