Uuid,first_name,last_name,phone,email
db0c8f6e-6754-43bd-957a-56e25db4bf58,Baillie,Doyle,206-405-6942,bdoyle0@google.it
8793e2b8-eba2-415d-ae42-039e989e17d2,Tammy,Defond,796-711-0270,tdefond1@state.gov
d3c4e070-2e9f-4bd1-8dd5-ace6963f4e76,Dewain,Pascall,646-379-7888,dpascall2@hhs.gov
11d4f2a3-7b10-41e1-a432-f5c85015bd71,Sula,Mewe,307-967-7688,smewe3@youku.com
0fa90d33-366f-48e2-bf35-1a979f3133c4,Peadar,Thirlaway,803-249-8477,pthirlaway4@arstechnica.com
cedd1ab7-65aa-422a-9e3a-988dfdd69850,Sheelah,McQuaid,414-512-2754,smcquaid5@reverbnation.com
94953e67-59de-4dd9-997e-f26a11f1bc47,Jules,Udey,680-690-0410,judey6@opensource.org
33570a60-102c-456d-9fdb-ff21584ae2fa,Ronalda,Spelwood,384-877-3766,rspelwood7@wikispaces.com
b0e0bde5-37ad-4e5a-98b4-0858b5a1a1f4,Wilhelmine,Phelips,776-174-1901,wphelips8@weather.com
e6fd450d-9c21-44c3-8c5a-e788243768a5,Baudoin,Leere,237-269-2718,bleere9@privacy.gov.au
